[
  {
    "filename": "abkhazia.html",
    "name": "abkhazia"
  },
  {
    "filename": "afghanistan.html",
    "name": "afghanistan"
  },
  {
    "filename": "aland.html",
    "name": "aland"
  },
  {
    "filename": "albania.html",
    "name": "albania"
  },
  {
    "filename": "algeria.html",
    "name": "algeria"
  },
  {
    "filename": "andorra.html",
    "name": "andorra"
  },
  {
    "filename": "angola.html",
    "name": "angola"
  },
  {
    "filename": "antigua.html",
    "name": "antigua"
  },
  {
    "filename": "argentina.html",
    "name": "argentina"
  },
  {
    "filename": "armenia.html",
    "name": "armenia"
  },
  {
    "filename": "ascension.html",
    "name": "ascension"
  },
  {
    "filename": "australia.html",
    "name": "australia"
  },
  {
    "filename": "austria.html",
    "name": "austria"
  },
  {
    "filename": "azerbaijan.html",
    "name": "azerbaijan"
  },
  {
    "filename": "barbados.html",
    "name": "barbados"
  },
  {
    "filename": "bat.html",
    "name": "bat"
  },
  {
    "filename": "belarus.html",
    "name": "belarus"
  },
  {
    "filename": "belgium.html",
    "name": "belgium"
  },
  {
    "filename": "benin.html",
    "name": "benin"
  },
  {
    "filename": "bhutan.html",
    "name": "bhutan"
  },
  {
    "filename": "biot.html",
    "name": "biot"
  },
  {
    "filename": "bolivia.html",
    "name": "bolivia"
  },
  {
    "filename": "bophuthatswana.html",
    "name": "bophuthatswana"
  },
  {
    "filename": "bosnia_herzegovina.html",
    "name": "bosnia herzegovina"
  },
  {
    "filename": "brazil.html",
    "name": "brazil"
  },
  {
    "filename": "bulgaria.html",
    "name": "bulgaria"
  },
  {
    "filename": "burundi.html",
    "name": "burundi"
  },
  {
    "filename": "cambodia.html",
    "name": "cambodia"
  },
  {
    "filename": "canada.html",
    "name": "canada"
  },
  {
    "filename": "cape_verde.html",
    "name": "cape verde"
  },
  {
    "filename": "car.html",
    "name": "car"
  },
  {
    "filename": "chad.html",
    "name": "chad"
  },
  {
    "filename": "chile.html",
    "name": "chile"
  },
  {
    "filename": "china.html",
    "name": "china"
  },
  {
    "filename": "christmas_isl.html",
    "name": "christmas isl"
  },
  {
    "filename": "cocos_isl.html",
    "name": "cocos isl"
  },
  {
    "filename": "colombia.html",
    "name": "colombia"
  },
  {
    "filename": "comoros_isl.html",
    "name": "comoros isl"
  },
  {
    "filename": "congo_b.html",
    "name": "congo b"
  },
  {
    "filename": "congo_k.html",
    "name": "congo k"
  },
  {
    "filename": "cook_isl.html",
    "name": "cook isl"
  },
  {
    "filename": "costa_rica.html",
    "name": "costa rica"
  },
  {
    "filename": "croatia.html",
    "name": "croatia"
  },
  {
    "filename": "cuba.html",
    "name": "cuba"
  },
  {
    "filename": "curacao.html",
    "name": "curacao"
  },
  {
    "filename": "cyprus.html",
    "name": "cyprus"
  },
  {
    "filename": "cyprus_north.html",
    "name": "cyprus north"
  },
  {
    "filename": "czech.html",
    "name": "czech"
  },
  {
    "filename": "czechoslovakia.html",
    "name": "czechoslovakia"
  },
  {
    "filename": "denmark.html",
    "name": "denmark"
  },
  {
    "filename": "djibouti.html",
    "name": "djibouti"
  },
  {
    "filename": "dominica.html",
    "name": "dominica"
  },
  {
    "filename": "dominicana.html",
    "name": "dominicana"
  },
  {
    "filename": "dpr.html",
    "name": "dpr"
  },
  {
    "filename": "ecuador.html",
    "name": "ecuador"
  },
  {
    "filename": "egypt.html",
    "name": "egypt"
  },
  {
    "filename": "el_salvador.html",
    "name": "el salvador"
  },
  {
    "filename": "eq_guinea.html",
    "name": "eq guinea"
  },
  {
    "filename": "estonia.html",
    "name": "estonia"
  },
  {
    "filename": "ethiopia.html",
    "name": "ethiopia"
  },
  {
    "filename": "falkland_islands.html",
    "name": "falkland islands"
  },
  {
    "filename": "faroe_islands.html",
    "name": "faroe islands"
  },
  {
    "filename": "finland.html",
    "name": "finland"
  },
  {
    "filename": "france.html",
    "name": "france"
  },
  {
    "filename": "french_polynesia.html",
    "name": "french polynesia"
  },
  {
    "filename": "fujeira.html",
    "name": "fujeira"
  },
  {
    "filename": "gabon.html",
    "name": "gabon"
  },
  {
    "filename": "gambia.html",
    "name": "gambia"
  },
  {
    "filename": "georgia.html",
    "name": "georgia"
  },
  {
    "filename": "germany.html",
    "name": "germany"
  },
  {
    "filename": "germany_gdr.html",
    "name": "germany gdr"
  },
  {
    "filename": "ghana.html",
    "name": "ghana"
  },
  {
    "filename": "gibraltar.html",
    "name": "gibraltar"
  },
  {
    "filename": "greece.html",
    "name": "greece"
  },
  {
    "filename": "greenland.html",
    "name": "greenland"
  },
  {
    "filename": "grenada.html",
    "name": "grenada"
  },
  {
    "filename": "guernsey.html",
    "name": "guernsey"
  },
  {
    "filename": "guinea.html",
    "name": "guinea"
  },
  {
    "filename": "guinea_b.html",
    "name": "guinea b"
  },
  {
    "filename": "guyana.html",
    "name": "guyana"
  },
  {
    "filename": "hong_kong.html",
    "name": "hong kong"
  },
  {
    "filename": "hungary.html",
    "name": "hungary"
  },
  {
    "filename": "iceland.html",
    "name": "iceland"
  },
  {
    "filename": "index.html",
    "name": "index"
  },
  {
    "filename": "indexA.html",
    "name": "indexA"
  },
  {
    "filename": "indexB.html",
    "name": "indexB"
  },
  {
    "filename": "indexC.html",
    "name": "indexC"
  },
  {
    "filename": "indexD.html",
    "name": "indexD"
  },
  {
    "filename": "indexE.html",
    "name": "indexE"
  },
  {
    "filename": "indexF.html",
    "name": "indexF"
  },
  {
    "filename": "indexG.html",
    "name": "indexG"
  },
  {
    "filename": "indexH.html",
    "name": "indexH"
  },
  {
    "filename": "indexI.html",
    "name": "indexI"
  },
  {
    "filename": "indexJ.html",
    "name": "indexJ"
  },
  {
    "filename": "indexK.html",
    "name": "indexK"
  },
  {
    "filename": "indexL.html",
    "name": "indexL"
  },
  {
    "filename": "indexM.html",
    "name": "indexM"
  },
  {
    "filename": "indexN.html",
    "name": "indexN"
  },
  {
    "filename": "indexO.html",
    "name": "indexO"
  },
  {
    "filename": "indexP.html",
    "name": "indexP"
  },
  {
    "filename": "indexQ.html",
    "name": "indexQ"
  },
  {
    "filename": "indexR.html",
    "name": "indexR"
  },
  {
    "filename": "indexS.html",
    "name": "indexS"
  },
  {
    "filename": "indexT.html",
    "name": "indexT"
  },
  {
    "filename": "indexU.html",
    "name": "indexU"
  },
  {
    "filename": "indexV.html",
    "name": "indexV"
  },
  {
    "filename": "indexW.html",
    "name": "indexW"
  },
  {
    "filename": "indexY.html",
    "name": "indexY"
  },
  {
    "filename": "indexZ.html",
    "name": "indexZ"
  },
  {
    "filename": "india.html",
    "name": "india"
  },
  {
    "filename": "indonesia.html",
    "name": "indonesia"
  },
  {
    "filename": "iran.html",
    "name": "iran"
  },
  {
    "filename": "iraq.html",
    "name": "iraq"
  },
  {
    "filename": "ireland.html",
    "name": "ireland"
  },
  {
    "filename": "isle_of_man.html",
    "name": "isle of man"
  },
  {
    "filename": "israel.html",
    "name": "israel"
  },
  {
    "filename": "italy.html",
    "name": "italy"
  },
  {
    "filename": "ivory_coast.html",
    "name": "ivory coast"
  },
  {
    "filename": "japan.html",
    "name": "japan"
  },
  {
    "filename": "jersey.html",
    "name": "jersey"
  },
  {
    "filename": "jordan.html",
    "name": "jordan"
  },
  {
    "filename": "kazakhstan.html",
    "name": "kazakhstan"
  },
  {
    "filename": "kenya.html",
    "name": "kenya"
  },
  {
    "filename": "kiribati.html",
    "name": "kiribati"
  },
  {
    "filename": "korea_north.html",
    "name": "korea north"
  },
  {
    "filename": "korea_south.html",
    "name": "korea south"
  },
  {
    "filename": "kuwait.html",
    "name": "kuwait"
  },
  {
    "filename": "kyrgyzstan.html",
    "name": "kyrgyzstan"
  },
  {
    "filename": "laos.html",
    "name": "laos"
  },
  {
    "filename": "latvia.html",
    "name": "latvia"
  },
  {
    "filename": "lebanon.html",
    "name": "lebanon"
  },
  {
    "filename": "lesotho.html",
    "name": "lesotho"
  },
  {
    "filename": "liberia.html",
    "name": "liberia"
  },
  {
    "filename": "libya.html",
    "name": "libya"
  },
  {
    "filename": "liechtenstein.html",
    "name": "liechtenstein"
  },
  {
    "filename": "lithuania.html",
    "name": "lithuania"
  },
  {
    "filename": "luxembourg.html",
    "name": "luxembourg"
  },
  {
    "filename": "macau.html",
    "name": "macau"
  },
  {
    "filename": "macedonia.html",
    "name": "macedonia"
  },
  {
    "filename": "madagascar.html",
    "name": "madagascar"
  },
  {
    "filename": "malawi.html",
    "name": "malawi"
  },
  {
    "filename": "malaysia.html",
    "name": "malaysia"
  },
  {
    "filename": "maldives.html",
    "name": "maldives"
  },
  {
    "filename": "mali.html",
    "name": "mali"
  },
  {
    "filename": "malta.html",
    "name": "malta"
  },
  {
    "filename": "manama.html",
    "name": "manama"
  },
  {
    "filename": "marshall_islands.html",
    "name": "marshall islands"
  },
  {
    "filename": "mauritania.html",
    "name": "mauritania"
  },
  {
    "filename": "mauritius.html",
    "name": "mauritius"
  },
  {
    "filename": "mexico.html",
    "name": "mexico"
  },
  {
    "filename": "micronesia.html",
    "name": "micronesia"
  },
  {
    "filename": "moldova.html",
    "name": "moldova"
  },
  {
    "filename": "monaco.html",
    "name": "monaco"
  },
  {
    "filename": "mongolia.html",
    "name": "mongolia"
  },
  {
    "filename": "montserrat.html",
    "name": "montserrat"
  },
  {
    "filename": "morocco.html",
    "name": "morocco"
  },
  {
    "filename": "mozambique.html",
    "name": "mozambique"
  },
  {
    "filename": "namibia.html",
    "name": "namibia"
  },
  {
    "filename": "nauru.html",
    "name": "nauru"
  },
  {
    "filename": "nepal.html",
    "name": "nepal"
  },
  {
    "filename": "netherlands.html",
    "name": "netherlands"
  },
  {
    "filename": "nevis.html",
    "name": "nevis"
  },
  {
    "filename": "new_caledonia.html",
    "name": "new caledonia"
  },
  {
    "filename": "new_zealand.html",
    "name": "new zealand"
  },
  {
    "filename": "nicaragua.html",
    "name": "nicaragua"
  },
  {
    "filename": "niger.html",
    "name": "niger"
  },
  {
    "filename": "niuafoou.html",
    "name": "niuafoou"
  },
  {
    "filename": "norway.html",
    "name": "norway"
  },
  {
    "filename": "oman.html",
    "name": "oman"
  },
  {
    "filename": "pabay_isl.html",
    "name": "pabay isl"
  },
  {
    "filename": "palau.html",
    "name": "palau"
  },
  {
    "filename": "papua_new_guinea.html",
    "name": "papua new guinea"
  },
  {
    "filename": "paraguay.html",
    "name": "paraguay"
  },
  {
    "filename": "peru.html",
    "name": "peru"
  },
  {
    "filename": "pitcairn_islands.html",
    "name": "pitcairn islands"
  },
  {
    "filename": "poland.html",
    "name": "poland"
  },
  {
    "filename": "portugal.html",
    "name": "portugal"
  },
  {
    "filename": "quaiti.html",
    "name": "quaiti"
  },
  {
    "filename": "romania.html",
    "name": "romania"
  },
  {
    "filename": "ross.html",
    "name": "ross"
  },
  {
    "filename": "russia.html",
    "name": "russia"
  },
  {
    "filename": "san_marino.html",
    "name": "san marino"
  },
  {
    "filename": "sao_tome.html",
    "name": "sao tome"
  },
  {
    "filename": "senegal.html",
    "name": "senegal"
  },
  {
    "filename": "serbia.html",
    "name": "serbia"
  },
  {
    "filename": "seychelles.html",
    "name": "seychelles"
  },
  {
    "filename": "sierra_leone.html",
    "name": "sierra leone"
  },
  {
    "filename": "singapore.html",
    "name": "singapore"
  },
  {
    "filename": "slovakia.html",
    "name": "slovakia"
  },
  {
    "filename": "slovenia.html",
    "name": "slovenia"
  },
  {
    "filename": "solomon_isl.html",
    "name": "solomon isl"
  },
  {
    "filename": "somalia.html",
    "name": "somalia"
  },
  {
    "filename": "south_africa.html",
    "name": "south africa"
  },
  {
    "filename": "south_georgia.html",
    "name": "south georgia"
  },
  {
    "filename": "spain.html",
    "name": "spain"
  },
  {
    "filename": "sri_lanka.html",
    "name": "sri lanka"
  },
  {
    "filename": "st_helena.html",
    "name": "st helena"
  },
  {
    "filename": "st_kitts.html",
    "name": "st kitts"
  },
  {
    "filename": "st_vincent.html",
    "name": "st vincent"
  },
  {
    "filename": "suriname.html",
    "name": "suriname"
  },
  {
    "filename": "sweden.html",
    "name": "sweden"
  },
  {
    "filename": "switzerland.html",
    "name": "switzerland"
  },
  {
    "filename": "taaf.html",
    "name": "taaf"
  },
  {
    "filename": "taiwan.html",
    "name": "taiwan"
  },
  {
    "filename": "tajikistan.html",
    "name": "tajikistan"
  },
  {
    "filename": "tanzania.html",
    "name": "tanzania"
  },
  {
    "filename": "thailand.html",
    "name": "thailand"
  },
  {
    "filename": "togo.html",
    "name": "togo"
  },
  {
    "filename": "tonga.html",
    "name": "tonga"
  },
  {
    "filename": "transkei.html",
    "name": "transkei"
  },
  {
    "filename": "transnistria.html",
    "name": "transnistria"
  },
  {
    "filename": "tristan_da_cunha.html",
    "name": "tristan da cunha"
  },
  {
    "filename": "tunisia.html",
    "name": "tunisia"
  },
  {
    "filename": "turkey.html",
    "name": "turkey"
  },
  {
    "filename": "turkmenistan.html",
    "name": "turkmenistan"
  },
  {
    "filename": "turks_and_caicos.html",
    "name": "turks and caicos"
  },
  {
    "filename": "tuvalu.html",
    "name": "tuvalu"
  },
  {
    "filename": "uganda.html",
    "name": "uganda"
  },
  {
    "filename": "uk.html",
    "name": "uk"
  },
  {
    "filename": "ukraine.html",
    "name": "ukraine"
  },
  {
    "filename": "un.html",
    "name": "un"
  },
  {
    "filename": "uruguay.html",
    "name": "uruguay"
  },
  {
    "filename": "usa.html",
    "name": "usa"
  },
  {
    "filename": "ussr.html",
    "name": "ussr"
  },
  {
    "filename": "uzbekistan.html",
    "name": "uzbekistan"
  },
  {
    "filename": "vanuatu.html",
    "name": "vanuatu"
  },
  {
    "filename": "vietnam.html",
    "name": "vietnam"
  },
  {
    "filename": "wallis.html",
    "name": "wallis"
  },
  {
    "filename": "yemen.html",
    "name": "yemen"
  },
  {
    "filename": "yugoslavia.html",
    "name": "yugoslavia"
  },
  {
    "filename": "zambia.html",
    "name": "zambia"
  },
  {
    "filename": "zimbabwe.html",
    "name": "zimbabwe"
  }
]